"concat_level3","name_level3","time_span","patents_ext","green_patents","non_green_patents","gnrl_sp_cor","gnrl_sp_per","gxti_sp_cor","gxti_sp_per","full_sp_cor_cor","full_sp_cor_per","full_sp_per_cor","full_sp_per_per","net_cor","net_per","corper_cor_cor_cor","corper_cor_cor_per","corper_cor_per_cor","corper_cor_per_per","corper_per_cor_cor","corper_per_cor_per","corper_per_per_cor","corper_per_per_per","MPA_inv_nodes","MPA_time","MPA_gnrl_sp_cor","MPA_gnrl_sp_per","MPA_gxti_sp_cor","MPA_gxti_sp_per","MPA_full_sp_cor_cor","MPA_full_sp_cor_per","MPA_full_sp_per_cor","MPA_full_sp_per_per","MPA_net_cor","MPA_net_per","MPA_corper_cor_cor_cor","MPA_corper_cor_cor_per","MPA_corper_cor_per_cor","MPA_corper_cor_per_per","MPA_corper_per_cor_cor","MPA_corper_per_cor_per","MPA_corper_per_per_cor","MPA_corper_per_per_per","MPA_green","MPA_non_green","KDE_core_clusters","KDE_core_noncore"
"gxA01a","Solar Photovoltaic Power Generation",0.711932368352641,1.27480086035762,0.189818241144658,-0.189818241144658,-1.08259187069676,-1.07249115820737,-0.913949754828411,-1.21495129703786,-0.821875158841317,-1.08436274626515,-0.401399301357689,-1.03531701125618,-0.511143542078356,-1.25623105361824,-0.446505797012674,-0.808330255495982,-0.416117187346087,-1.09193018027368,-0.300968079884975,-0.401431497713602,-0.389137737664995,-1.0396006814892,0.36742420724147,1.43953781352979,1.16547186488857,-1.16547186488857,1.07336246448356,-1.07336246448356,1.27198759646189,-0.564676060025724,-0.518205387850601,-0.951921681909344,1.00638537055521,-1.00638537055521,2.07179874394043,0.762904679696692,-0.208633947111823,-0.597165048664144,-0.164067106846632,-0.517506812431644,-0.31846501188283,-0.918572021062434,0.190842052476225,-0.190842052476224,0.604242430871605,0.279134484632113
"gxA02a","Solar Thermal Power Generation",-0.0906095741539728,-0.544167465768148,-0.758150071607,0.758150071607002,1.54235631769788,-0.0364376118790236,1.5448055252105,0.387728943943845,1.81606000651861,0.550128112614116,-0.723977017033495,0.181673589148608,1.37945228373241,0.990590706443601,1.71740092845626,1.73598888226776,0.518323995165364,0.544904513763028,-0.300968079884975,-0.726752184910676,0.119789875566956,0.180500312858493,-0.606092923056442,0.296754914184759,1.16547186488857,-1.16547186488857,0.642399578863014,-0.642399578863014,0.880378422355534,0.284741354429531,-0.518205387850601,-0.951921681909344,0.325543851948329,-0.325543851948328,0.990519574574941,0.646930161859823,-0.208633947111823,0.450790019760893,-0.164067106846632,-0.517506812431644,-0.31846501188283,-0.918572021062434,-1.57265446404788,1.57265446404788,-0.864896028502493,-0.936986567332661
"gxA02b","Solar Thermal Collectors, Solar Thermal Systems",1.11320333960595,-0.339689860456418,0.462639856451349,-0.462639856451351,0.365119616143409,-0.231107551965478,0.730881126443826,-0.325515689428953,0.896188578198399,-0.564237771592549,-0.482258712616156,-0.109925615111932,-0.501726478977531,0.173973929679723,-0.433694931435937,0.944583189813573,-0.378057042280704,-0.563410197190378,-0.300968079884975,-0.482978479909336,-0.39791439908997,-0.0970530013581504,-1.38490662729477,0.0681983343157522,-1.09028803696176,1.09028803696176,-0.00404474956779934,0.00404474956779905,-0.686058274069898,-0.564676060025724,1.19206583326672,0.351484834222431,-0.627634274101303,0.627634274101302,-0.52327126253675,-0.570802275427299,-0.208633947111823,-0.597165048664144,-0.164067106846632,1.39710484738751,-0.31846501188283,0.440473406008719,-0.664972433484004,0.664972433484004,0.604242430871605,-0.703117134262512
"gxA03a","Wind Power Generation",0.310661397099334,-0.256978093654901,0.948344457536407,-0.948344457536407,-0.122844024706935,-0.297245893775866,0.282614760537925,-0.581244207094352,0.242728043560019,-0.65418368131204,0.269295044472171,-0.409660478278696,-0.506683278484717,-0.219662834081398,-0.440438105130061,0.277996019459505,-0.421427737004483,-0.653722605733995,-0.300968079884975,0.27496595592776,-0.39791439908997,-0.402238550578597,-0.0868837868975557,-0.96030627509478,-0.768036622411709,0.76803662241171,0.149870566725252,-0.149870566725252,-0.406337435422499,-0.564676060025724,0.9477413731071,0.165283903346463,-0.627634274101303,0.627634274101302,-0.52327126253675,-0.280865980835127,-0.208633947111823,-0.597165048664144,-0.164067106846632,1.12358889598477,-0.31846501188283,0.246324059284269,-0.535303571974878,0.535303571974878,1.33881166055865,1.3549338767548
"gxA04a","Geothermal Power Generation",-0.49188054540728,-0.542210925829893,-0.0867981243311563,0.086798124331154,1.02521517548668,-0.115979700602045,0.952117860308797,0.22060621455636,0.796751953186143,0.988401153112121,0.674496445725053,-0.348841794794094,-0.246037013886269,0.670819010532611,-0.0858578901416984,0.81921219559912,-0.421427737004483,1.01891990119862,-0.300968079884975,0.683612901773472,-0.39791439908997,-0.340313877799421,-1.06040091719547,0.868146363857277,-0.916768044511731,0.916768044511731,-1.24720691962706,1.24720691962706,-0.836677187187728,0.0887219510937027,-0.518205387850601,1.45436727094932,-0.627634274101303,0.627634274101302,-0.52327126253675,-0.726921818669237,-0.208633947111823,0.208954234739731,-0.164067106846632,-0.517506812431644,-0.31846501188283,1.59043492122277,0.382352986397394,-0.382352986397394,-0.864896028502493,-0.188604381508185
"gxA04b","Geothermal Collectors, Geothermal Systems",-0.893151516660587,-0.54888617973688,-0.626348775443078,0.626348775443075,0.658502028783939,0.332865676943745,1.11757429834355,0.0930054676835644,1.21668557264046,-0.442450960569182,-0.229171072274653,0.428667987816029,2.19576352311702,0.56668906014901,2.70811931927061,1.05617274778671,-0.421427737004483,-0.438115386307089,-0.300968079884975,-0.227738762235437,0.606604873693039,0.413792134766648,-0.865697491135885,-3.01731549391584,1.16547186488857,-1.16547186488857,1.07336246448356,-1.07336246448356,1.27198759646189,-0.564676060025724,-0.518205387850601,-0.951921681909344,2.3510473698038,-2.3510473698038,4.20732510343728,0.190280497877152,-0.208633947111823,-0.597165048664144,-0.164067106846632,-0.517506812431644,-0.31846501188283,-0.918572021062434,-1.57265446404788,1.57265446404788,0.604242430871605,-0.703117134262512
"gxA05a","Hydro-Power Generation",0.310661397099334,-0.237029058990342,1.0185623667277,-1.0185623667277,0.0800565542947487,-0.0700384977831551,0.691508068562081,-0.477545362978619,0.584571460786378,-0.698844588724456,0.4999200817048,-0.237296262068011,-0.469467839699614,0.0407684618628044,-0.389810645321122,0.623474631564254,-0.421427737004483,-0.699200763434371,-0.300968079884975,0.507552064488255,-0.39791439908997,-0.226739886744678,-0.865697491135885,1.43953781352979,-0.244378073767885,0.244378073767885,-1.88950737415767,1.88950737415767,-1.42032547551932,2.62063924418148,-0.518205387850601,0.677336463255374,-0.627634274101303,0.627634274101302,-0.52327126253675,-1.33188504873175,-0.208633947111823,3.33266645792974,-0.164067106846632,-0.517506812431644,-0.31846501188283,0.780234762776507,1.15039162764375,-1.15039162764375,2.0733808902457,1.12106444368465
"gxA06a","Wave Power Generation, Tidal Power Generation",-0.0906095741539728,-0.503080127064796,1.4330362631306,-1.4330362631306,-0.359500143535802,-0.0331325675697472,-0.415723091044682,-0.0968421773203254,-0.259646813587116,-0.448061947959322,-0.615218344736604,0.15338695437261,-0.318610181702968,-0.209456603784065,-0.184585602531807,-0.252381249636415,-0.263540124222072,-0.448486684901993,-0.300968079884975,-0.61706870619876,-0.39791439908997,0.17104791384996,-0.930598633155746,0.63958978398827,1.16547186488857,-1.16547186488857,1.07336246448356,-1.07336246448356,1.27198759646189,-0.564676060025724,-0.518205387850601,-0.951921681909344,-0.627634274101303,0.627634274101302,-0.52327126253675,1.4587517867179,-0.208633947111823,-0.597165048664144,-0.164067106846632,-0.517506812431644,-0.31846501188283,-0.918572021062434,0.121685326338024,-0.121685326338024,0.604242430871605,-0.235378268122214
"gxA06b","Ocean Thermal Energy Conversion, Ocean Salinity Gradient Power Generation",-0.893151516660587,-0.558477061787149,0.198886217445952,-0.198886217445953,0.779975637981918,1.15807145048231,0.503934600347469,1.26400888477886,0.730348987064468,0.508486348855808,-0.723977017033495,1.49738234585006,2.68630226556832,1.01151096786052,3.90326312691822,0.477718740432061,-0.421427737004483,0.530223132251059,-0.300968079884975,-0.726752184910676,1.26241528649615,1.47743089614517,-1.06040091719547,-1.07458456502928,0.124351910188418,-0.124351910188418,-1.24720691962706,1.24720691962706,-0.836677187187728,2.04891598445198,-0.518205387850601,0.251222794519986,-0.627634274101303,0.627634274101302,-0.52327126253675,-0.726921818669237,-0.208633947111823,2.62731208495135,-0.164067106846632,-0.517506812431644,-0.31846501188283,0.335931450080169,-1.85194124268292,1.85194124268292,-1.59946525818954,-0.936986567332661
"gxA07a","Solid Biofuels",0.310661397099334,-0.457274074392713,-0.680689882155616,0.680689882155617,-0.0228646880180786,0.871641224072813,0.776985578664831,0.0410464504908886,0.358483439211841,-0.622370180683555,1.54294229596774,0.47371951451957,-0.423657587026731,0.432215883293415,-0.406278494039768,0.393814827057966,-0.421427737004483,-0.621326949613021,1.22918439862805,1.54225395753448,-0.347932974639657,0.495337728820443,-0.216686070937277,0.411033204119263,-2.1314079916619,2.1314079916619,0.410342640451953,-0.410342640451953,-1.58977175277688,-0.564676060025724,3.42857435318936,-0.14982536428979,3.0384354414742,-3.0384354414742,-0.52327126253675,-1.50751953487893,-0.208633947111823,-0.597165048664144,7.55429103740261,0.955271387429243,-0.31846501188283,-0.082236373634032,1.77878687957259,-1.77878687957259,2.0733808902457,2.89847213501778
"gxA07b","Liquid Biofuels",-0.0906095741539728,-0.49287542856331,0.0837385734685424,-0.0837385734685452,-0.012519989316162,1.29851824423075,0.14313728102659,0.864416752353285,-0.0019993424680186,-0.00462129318846984,0.464270279791889,1.28482182968773,-0.404825030326,0.643925747533001,-0.380337430091415,0.0240555545553103,-0.421427737004483,0.00772612952176123,-0.300968079884975,0.471599122009106,-0.173915689512492,1.31468625506945,1.92505161571813,-0.617471405291269,-1.35792056768976,1.35792056768976,-1.33710791271609,1.33710791271609,-0.918368801082144,-0.564676060025724,-0.518205387850601,1.96417425248717,0.341699413406797,-0.341699413406797,-0.266696544382226,-0.880395267957923,-0.208633947111823,-0.597165048664144,-0.164067106846632,-0.517506812431644,1.66457815252232,1.66131082354721,0.581167303391828,-0.581167303391829,1.33881166055865,0.93396889722853
"gxA07c","Biogas",0.711932368352641,-0.328871345503715,-0.213468808250344,0.213468808250343,-0.50125474276486,-0.403153720790575,-0.10240511366967,-0.729132228483379,-0.0325513567648789,-1.06786759972806,-0.265284818324088,-0.363674645724398,-0.493766656413029,-0.503070658015919,-0.422866479316976,-0.00421372844255973,-0.421427737004483,-1.07497652935228,-0.300968079884975,-0.264159593902155,-0.39791439908997,-0.355416464498359,0.756831059360635,0.411033204119263,0.945397728122681,-0.945397728122681,0.863136666619877,-0.863136666619877,1.08095873104416,-0.564676060025724,-0.518205387850601,-0.697598459249485,-0.3951518043331,0.3951518043331,-0.154053985192435,1.16174387518446,-0.208633947111823,-0.597165048664144,-0.164067106846632,-0.517506812431644,-0.31846501188283,-0.653392425536355,0.464095458193015,-0.464095458193015,-0.130326798815444,0.793647237386441
"gxA08a","Fusion Reactors, Nuclear Reactors, Nuclear Power Plant",0.711932368352641,0.710818632273617,1.58129934665236,-1.58129934665236,-0.656255191903385,-0.959316228525671,-0.37882507169618,-1.12027200872664,-0.375054541179018,-0.836661478602206,0.112386553162536,-1.08122432068275,-0.515294877176037,-0.921582200176071,-0.452153226081692,-0.351830100039164,-0.421427737004483,-0.839539565639122,-0.257915526312218,0.116239582221883,-0.39369554903939,-1.08617247330005,0.237621923201748,0.525311494053766,1.16547186488857,-1.16547186488857,1.07336246448356,-1.07336246448356,1.27198759646189,-0.564676060025724,-0.518205387850601,-0.951921681909344,-0.627634274101303,0.627634274101302,-0.52327126253675,1.4587517867179,-0.208633947111823,-0.597165048664144,-0.164067106846632,-0.517506812431644,-0.31846501188283,-0.918572021062434,0.517764757856807,-0.517764757856807,-0.130326798815444,2.43073326887748
"gxA09a","Fuel Cells, Fuel Cell Systems (Stationary, Mobility)",1.51447431085925,2.44028484710628,2.32322524246439,-2.32322524246439,-1.82658644078769,-1.25823940414803,-1.99331602990204,-1.3185505564548,-1.87454495570204,-1.13358510531008,-0.723977017033495,-1.15798328383339,-0.490437806614114,-1.83594482893854,-0.418337949897297,-1.88482399630533,-0.379164341471977,-1.14314335715968,-0.300968079884975,-0.726752184910676,-0.354930986580158,-1.1657760831,1.4707436215791,1.09670294372628,0.471391895088466,-0.471391895088467,0.410342640451953,-0.410342640451953,0.669511943990572,-0.564676060025724,-0.518205387850601,-0.14982536428979,-0.444330788322527,0.444330788322528,-0.232157640015271,0.756213842129181,-0.208633947111823,-0.597165048664144,-0.164067106846632,-0.517506812431644,-0.31846501188283,-0.082236373634032,-0.176220570872685,0.176220570872685,0.604242430871605,-0.609569361034452
"gxA10a","Hydrogen Production",0.711932368352641,0.324919902099004,0.732116414152773,-0.732116414152773,-1.08045351099806,-0.73868968676999,-1.10280129679939,-0.826888718202951,-1.01738009324316,-0.775278685583793,-0.455152275619537,-0.665540338583209,-0.513174944729091,-1.09628381075387,-0.449269294083063,-1.00771127993101,-0.410448571656232,-0.777357410398738,-0.239245685115962,-0.456334926632191,-0.39791439908997,-0.662771592602597,1.21113905349966,0.868146363857277,-0.150388077857455,0.150388077857455,0.0857391849364803,-0.0857391849364805,0.129794171985015,-0.564676060025724,-0.0906375825712716,0.242867624544783,-0.429055497840963,0.429055497840962,-0.207898171471814,0.190280497877153,-0.208633947111823,-0.597165048664144,-0.164067106846632,-0.0388538974768556,-0.31846501188283,0.327219620419457,0.5452702739345,-0.5452702739345,1.33881166055865,-0.188604381508185
"gxA10b","Hydrogen Storage, Transportation, Supply, Hydrogen Stations",-0.0906095741539728,-0.296799435927616,0.0924551663347754,-0.0924551663347774,-0.265880182747441,-0.589296533913283,-0.39054179125938,-0.403181164121715,-0.203369795363691,-0.225411322951517,-0.723977017033495,-0.423596911471943,-0.48917363988635,-0.447159345375699,-0.416618191853567,-0.179013213374306,-0.384993871565566,-0.218178926445142,-0.300968079884975,-0.726752184910676,-0.377843174707706,-0.417178558138605,0.886633343400356,0.525311494053766,0.326119343269842,-0.326119343269842,0.0711231955985739,-0.0711231955985745,0.361268586912222,-0.169598192837233,-0.518205387850601,0.0180552603282557,-0.405964942461853,0.405964942461853,-0.52327126253675,0.514773153161996,0.302409849794816,-0.353454567635065,-0.164067106846632,-0.517506812431644,-0.31846501188283,0.0928106223393545,-0.474992473598542,0.474992473598541,-0.864896028502493,-0.936986567332661
"gxA10c","Use of Hydrogen in Combustion (Hydrogen Engine Vehicles, etc.)",0.310661397099334,-0.313410843638682,-1.10097054013544,1.10097054013543,0.264561587637111,-0.462149493121478,0.30557533405013,-0.279171672481698,0.276331613558052,0.205428603216589,0.117566336933121,-0.553481309292762,-0.445803915865586,-0.0233677850377175,-0.368861295203258,0.307387234798202,-0.382587914003411,0.22047396783961,0.135729394283707,0.1170412793931,-0.376517745371497,-0.549474443479207,0.107819639162027,-0.503193115356766,0.58334027731429,-0.583340277314289,-0.177820106672857,0.177820106672857,0.135057736153111,0.805352027805332,-0.518205387850601,-0.279195738099396,-0.627634274101303,0.627634274101302,-0.52327126253675,0.280301040956174,-0.208633947111823,1.09308506169882,-0.164067106846632,-0.517506812431644,-0.31846501188283,-0.217129219993452,-0.518572105973701,0.518572105973701,-0.130326798815444,-0.282152154736244
"gxA11a","Ammonia Production",-0.0906095741539728,-0.52391152287798,0.605700868466951,-0.605700868466953,1.33968579149866,1.355762167452,0.708212444386805,1.81745918183837,0.938796058712917,1.44687320872507,-0.723977017033495,1.724757406162,-0.368249948928262,1.59137737234156,-0.252114977494589,0.975617803735159,-0.421427737004483,1.48578154048061,-0.300968079884975,-0.726752184910676,-0.266794905228262,1.7660933298339,0.042918497142166,0.0681983343157522,-0.0376000827649391,0.0376000827649391,-0.0758718971712228,0.075871897171223,0.227696465511604,-0.564676060025724,-0.518205387850601,0.438378601964549,-0.627634274101303,0.627634274101302,-0.52327126253675,0.376322953573797,-0.208633947111823,-0.597165048664144,-0.164067106846632,-0.517506812431644,-0.31846501188283,0.53107643448013,0.605782409305426,-0.605782409305425,-0.864896028502493,-0.936986567332661
"gxA11b","Ammonia Storage, Transportation",-1.29442248791389,-0.555101071305454,-1.19855491487607,1.19855491487607,1.1643316275566,1.17540264566097,-0.4410601818492,2.3662379032724,-0.255355603053271,2.83394265733541,-0.723977017033495,1.5164720338057,2.64263417243777,1.27459943608942,-0.458803557788643,-0.229185606668731,3.54234999712826,2.78130276741064,-0.300968079884975,-0.726752184910676,5.60705230422636,1.33449169151751,-1.25510434325505,0.0681983343157522,0.263167904148438,-0.263167904148437,0.211436693242472,-0.211436693242472,0.488769248249176,-0.564676060025724,-0.518205387850601,0.0908035309960758,-0.627634274101303,0.627634274101302,-0.52327126253675,0.646930161859823,-0.208633947111823,-0.597165048664144,-0.164067106846632,-0.517506812431644,-0.31846501188283,0.168664320594489,-1.57265446404788,1.57265446404788,-1.59946525818954,-0.936986567332661
"gxA11c","Use of Ammonia in Combustion",0.310661397099334,-0.523758068765176,-1.12914186628365,1.12914186628365,1.44498836683284,0.497812992123708,0.582975423233328,1.43872204775443,0.314516123010797,2.73389498557959,0.96882492805681,0.228296547649704,-0.41927168280142,1.24283275487084,-0.321524364173101,0.343117849660571,-0.421427737004483,2.79635453872061,-0.300968079884975,0.980444144233104,-0.136652092885078,0.23755534808855,-1.38490662729477,-0.503193115356766,0.601531889425986,-0.601531889425985,0.534658857457879,-0.534658857457879,0.782476128828944,-0.564676060025724,-0.518205387850601,-0.300218423843457,-0.627634274101303,0.627634274101302,-0.52327126253675,0.951363271181604,-0.208633947111823,-0.597165048664144,-0.164067106846632,-0.517506812431644,-0.31846501188283,-0.239049307526857,-1.57265446404788,1.57265446404788,-0.130326798815444,-0.609569361034452
"gxB01a","Building Insulation",0.310661397099334,0.138780063267389,0.226609358409601,-0.226609358409601,-0.510297353285136,-0.335999317803356,-0.0987464408070296,-0.692136975508174,-0.0336259601996208,-1.07538750721694,-0.23625271158435,-0.291458420752885,-0.490642649242247,-0.524204760288657,-0.418616615479688,-0.00560227943066974,-0.393661413474388,-1.08345314163524,-0.144872062760899,-0.236634171590802,-0.344377274742816,-0.283887876902576,0.042918497142166,0.982424653791781,-0.338368069678315,0.338368069678315,-0.363180487584918,0.363180487584918,-0.0333763172259676,-0.564676060025724,-0.518205387850601,0.785953672933022,-0.309908232084759,0.309908232084759,-0.0186743168328528,-0.0295878588552444,-0.208633947111823,-0.597165048664144,-0.164067106846632,-0.517506812431644,-0.31846501188283,0.89348854836577,0.363733867821725,-0.363733867821725,2.0733808902457,1.58880330982495
"gxB01b","High-Efficiency Air Conditioner",0.310661397099334,1.11808584765623,0.154863376211644,-0.154863376211645,-1.66037619340102,-1.2587551341906,-1.73497234886909,-1.35806433666477,-1.71614873881497,-1.01570078387342,-0.19723685742678,-1.3184404715853,-0.515242616427866,-1.72524075368923,-0.453762487812699,-1.72070316513298,-0.415622701344981,-1.02202635928844,-0.268333476865622,-0.195899612424314,-0.391518472011397,-1.32778377175939,1.40584247955924,1.21098123366079,-0.69221276016464,0.69221276016464,-0.0251703812158652,0.025170381215865,-0.340520767505464,-0.564676060025724,0.554905966575951,0.377041824734818,-0.440736602326865,0.440736602326867,-0.226449529769752,-0.292236031603447,-0.208633947111823,-0.597165048664144,-0.164067106846632,0.683818150592139,-0.31846501188283,0.467121355559134,0.0647327283418591,-0.0647327283418588,1.33881166055865,1.58880330982495
"gxB01c","High-Efficiency Water Heaters",1.11320333960595,0.885257595003905,1.70667224532321,-1.70667224532321,-1.41248859966664,-1.08684934791166,-1.48500499529015,-1.14844378197453,-1.38988894607818,-0.9718011088593,-0.519364338697046,-1.03553153433919,-0.515882894999785,-1.46765368475519,-0.452953158843755,-1.38771403170869,-0.421427737004483,-0.977152117028844,-0.263094087263896,-0.520825095043946,-0.39791439908997,-1.03949108759406,0.497226491281192,1.21098123366079,0.433874058883056,-0.433874058883056,0.840409553337317,-0.840409553337317,0.636945692505635,-0.564676060025724,0.221371356416347,-0.670104056799771,-0.627634274101303,0.627634274101302,-0.52327126253675,0.800518036832974,-0.208633947111823,-0.597165048664144,-0.164067106846632,0.310433364787449,-0.31846501188283,-0.624724361155158,0.0955179164478938,-0.095517916447894,0.604242430871605,0.653325577544351
"gxB01d","High-Efficiency Lighting (LEDs, OLEDs)",1.11320333960595,4.01637367619104,0.256387113119407,-0.256387113119406,-1.88091439636828,-1.33484206927349,-1.99704732905463,-1.43089881859656,-1.92878827125176,-1.16810079342261,-0.498150073354234,-1.28323017639531,-0.517914544486779,-1.91229260885918,-0.456334304923637,-1.93758826923377,-0.421427737004483,-1.17704389102855,-0.300968079884975,-0.499004969479383,-0.394389888121899,-1.29182586043754,1.92505161571813,1.6680943933988,0.0184753046256905,-0.0184753046256906,0.489006009404854,-0.489006009404855,-0.0555011293223724,0.15516920646178,0.873201707295691,-0.686822051509661,0.0185881842374305,-0.0185881842374303,0.503027610081346,-0.192410840112091,-0.208633947111823,0.290932466950295,-0.164067106846632,1.04014335148902,-0.31846501188283,-0.642156001997115,-0.034210344448089,0.0342103444480882,-0.130326798815444,2.05654217596524
"gxB02a","High-Efficiency Motors and Inverters",0.310661397099334,0.0167840435879703,-1.06287642028714,1.06287642028714,-0.962643842599328,-0.839726538614601,-0.964173394928889,-0.871547890633055,-0.909164319890002,-0.674239582833132,-0.35588207659316,-0.81281392345428,-0.513036290971063,-1.05201230269236,-0.449080671087041,-0.897258002377076,-0.421427737004483,-0.674145510351152,-0.300968079884975,-0.355527226835256,-0.39791439908997,-0.812723351332562,-0.606092923056442,-0.388914825422262,1.16547186488857,-1.16547186488857,1.07336246448356,-1.07336246448356,1.27198759646189,-0.564676060025724,-0.518205387850601,-0.951921681909344,-0.627634274101303,0.627634274101302,-0.52327126253675,1.45875178671791,-0.208633947111823,-0.597165048664144,-0.164067106846632,-0.517506812431644,-0.31846501188283,-0.918572021062434,-0.483436027371228,0.483436027371228,0.604242430871605,-0.749891020876542
"gxB03a","Combined Heat and Power (CHP)",-0.0906095741539728,-0.245852670476589,-0.575115431263451,0.575115431263451,-0.188266393674953,-0.675416466039334,-0.164438304030634,-0.548254489108148,0.0325872704933724,-0.419728612093371,-0.723977017033495,-0.51904303672855,-0.461550769006095,-0.440453178442196,-0.379040352361387,0.0592724301930199,-0.421427737004483,-0.414977241401896,-0.300968079884975,-0.726752184910676,-0.330447287557377,-0.516131742844137,-0.346488354976999,0.982424653791781,0.413551897605125,-0.413551897605125,-0.00404474956779971,0.00404474956779905,0.292964661195997,0.143171785353655,-0.518205387850601,-0.0829840044881609,0.166680830940057,-0.166680830940057,0.738221101722992,0.105715745287769,-0.208633947111823,0.276130841690054,-0.164067106846632,-0.517506812431644,-0.31846501188283,-0.0125417363483319,0.5452702739345,-0.5452702739345,-0.864896028502493,-0.936986567332661
"gxB04a","Energy Saving and Supply/Demand Flexibility in Treatment of Water, Wastewater, Sewage, and Sludge",-0.49188054540728,-0.399114965639883,-1.76351994438379,1.76351994438379,0.443488306653704,0.0480731208143976,0.913290150054389,-0.16804588575266,1.156193109042,-0.781443036006941,-0.723977017033495,0.278332908839908,-0.357226014491865,0.348402710147881,-0.237118142421977,1.19650683240908,-0.362516629112272,-0.785048539785495,-0.300968079884975,-0.726752184910676,-0.30055294285678,0.294627236109256,-1.12530205921533,-0.160358245553255,0.0375919139634049,-0.0375919139634051,-0.00404474956779971,0.00404474956779905,0.292964661195997,-0.564676060025724,-0.518205387850601,0.351484834222431,-0.627634274101303,0.627634274101302,-0.52327126253675,0.443974755645303,-0.208633947111823,-0.597165048664144,-0.164067106846632,-0.517506812431644,-0.31846501188283,0.440473406008719,-0.96753311033863,0.96753311033863,-0.130326798815444,-0.890212680718631
"gxB05a","Electric Vehicles, Hybrid Vehicles",1.11320333960595,2.34959346643894,0.777821285031436,-0.777821285031439,-1.83447777590305,-1.41469006444315,-1.91145256196403,-1.50000076375485,-1.99415202403562,-0.937878531321844,0.0565023119854994,-1.56669052671246,-0.518756862118044,-1.89493414160676,-0.456862871036378,-2.00427505424059,-0.421427737004483,-0.942608789984334,-0.300968079884975,0.0603637853529019,-0.39791439908997,-1.58030921965309,1.4707436215791,0.182476624250256,1.16547186488857,-1.16547186488857,0.990484986479605,-0.990484986479606,1.19667813990298,-0.401326557245867,-0.518205387850601,-0.951921681909344,-0.627634274101303,0.627634274101302,-0.52327126253675,1.38069201509694,-0.208633947111823,-0.395635227813175,-0.164067106846632,-0.517506812431644,-0.31846501188283,-0.918572021062434,1.63914349025507,-1.63914349025507,0.604242430871605,1.26138610352674
"gxB05b","Others (Aircraft, Ships, etc.)",0.310661397099334,-0.491340887435267,0.039601832317376,-0.039601832317377,0.61035563808291,-0.312703094867496,0.268441152386918,0.165865816161915,0.110301957073646,1.12730546473399,0.497676189986641,-0.509061321789384,0.637593505089616,0.237620090468087,0.616824350081753,0.0702729971314414,1.1711062041192,1.11338676558782,-0.300968079884975,0.505289092310472,0.406294273527172,-0.533503417225184,-0.216686070937277,0.982424653791781,-1.43732802186181,1.4373280218618,-1.41296187563496,1.41296187563496,-1.89100957901254,1.39551797333256,1.06050650856538,0.852795032734652,1.93861452680155,-1.93861452680155,-0.52327126253675,-1.81975862136281,2.32692950677112,0.612013876441668,-0.164067106846632,1.24982702740142,3.2815210404219,0.126847538223069,1.77878687957259,-1.77878687957259,0.604242430871605,-0.375699927964304
"gxB06a","Resistance Heating, Infrared Heating",0.711932368352641,0.741777999531885,0.380837139396634,-0.380837139396636,-0.637576264963084,-0.628221388467085,-0.469015596106799,-0.758717036963448,-0.294552964279042,-0.912269573960355,-0.684179648157314,-0.475144214898606,-0.51700160814894,-0.761666576800395,-0.454475043492856,-0.269495109727033,-0.413950996959329,-0.916751775632208,-0.300968079884975,-0.686616407507979,-0.39791439908997,-0.468913110602119,0.042918497142166,-0.160358245553255,0.86470387797519,-0.86470387797519,0.786053874069862,-0.786053874069862,1.01091481372432,-0.564676060025724,-0.518205387850601,-0.604346610940871,-0.627634274101303,0.627634274101302,-0.52327126253675,1.18814457843188,-0.208633947111823,-0.597165048664144,-0.164067106846632,-0.517506812431644,-0.31846501188283,-0.556159907176793,-0.362411756629378,0.362411756629378,-0.864896028502493,-0.562795474420423
"gxB06b","Induction Heating",0.711932368352641,0.372413950011935,1.30157335271923,-1.30157335271923,-1.08089431480206,-0.999459236479641,-1.2290239940542,-0.916813732504416,-1.12573254564164,-0.599305319342267,-0.543180200596924,-0.93259435855746,-0.515747839590486,-1.19357924000166,-0.455786494394539,-1.11786984984673,-0.411004854160167,-0.598147496014326,-0.242372980062513,-0.545076247056566,-0.39791439908997,-0.934681996672027,0.302523065221609,0.182476624250256,0.502013070226707,-0.502013070226707,0.819854884706767,-0.819854884706767,0.696091752187836,-0.564676060025724,0.0854197490143347,-0.645237795760691,-0.627634274101303,0.627634274101304,-0.52327126253675,0.86182412138108,-0.208633947111823,-0.597165048664144,-0.164067106846632,0.158238479269234,-0.31846501188283,-0.598796626457457,0.349495718322685,-0.349495718322683,-0.130326798815444,0.466230031088232
"gxB06c","Electoromagnetic Heating (Microwave Heating, Dielectric Heating)",0.711932368352641,-0.155276380393851,1.16202854035946,-1.16202854035946,-0.764750857144284,-0.818795867113217,-0.804403625825347,-0.782896742400605,-0.729008601098113,-0.560345060290287,-0.380495929806878,-0.78133604012704,-0.510034613039944,-0.873383090170631,-0.44499722255659,-0.713635961744694,-0.421427737004483,-0.558166831065011,-0.300968079884975,-0.380350378754721,-0.39791439908997,-0.780673041902337,-0.41138949699686,1.21098123366079,1.16547186488857,-1.16547186488857,1.07336246448356,-1.07336246448356,1.27198759646189,-0.564676060025724,-0.518205387850601,-0.951921681909344,2.27334263126714,-2.27334263126714,4.08391824171622,0.223371053238216,-0.208633947111823,-0.597165048664144,-0.164067106846632,-0.517506812431644,-0.31846501188283,-0.918572021062434,0.795211702640496,-0.795211702640496,-0.130326798815444,0.232360598018083
"gxB06d","Electric Discharge Heating",-0.0906095741539728,-0.501507222408552,0.722843990193839,-0.722843990193843,0.412946717119707,0.222986845192468,0.013603760256098,0.550236412969053,-0.0627131568851512,0.973387205283408,0.201661264148705,0.171632070067965,-0.454657906130159,0.430071019545793,-0.369663380072142,-0.0386532487309611,-0.421427737004483,1.00363121302321,-0.300968079884975,0.206757066028251,-0.39791439908997,0.189624817434844,-0.995499775175607,-0.160358245553255,-3.34604793881208,3.34604793881208,-3.23626639172187,3.23626639172187,-2.64410414460169,-0.564676060025724,-0.518205387850601,4.26170438261775,-0.627634274101303,0.627634274101302,-0.52327126253675,-2.6003563375725,-0.208633947111823,-0.597165048664144,-0.164067106846632,-0.517506812431644,-0.31846501188283,4.51760968722218,0.502047320098125,-0.502047320098125,-0.130326798815444,-0.609569361034452
"gxB07a","Direct Current Transmission and Distribution（HVDC, etc.）",0.711932368352641,0.204765331773238,-0.786036702131142,0.786036702131142,-0.290521647853286,-1.12297477427165,-0.169741014664823,-0.96429466991968,0.0274048660124,-0.59194537349554,-0.723977017033495,-1.00150448955339,-0.514781754554146,-0.718702914197635,-0.455129368844686,0.0592030251805813,-0.396041700379879,-0.591094278866703,-0.300968079884975,-0.726752184910676,-0.39791439908997,-1.0048452601398,0.36742420724147,-0.731749695225773,0.263167904148437,-0.263167904148437,0.211436693242472,-0.211436693242472,0.488769248249176,-0.564676060025724,-0.518205387850601,0.0908035309960758,-0.627634274101303,0.627634274101302,-0.52327126253675,0.646930161859824,-0.208633947111823,-0.597165048664144,-0.164067106846632,-0.517506812431644,-0.31846501188283,0.168664320594489,0.190842052476225,-0.190842052476224,-0.864896028502493,-0.936986567332661
"gxB07b","Smart Grids",-0.0906095741539728,-0.375214487570614,-0.719043724271042,0.719043724271041,0.617903373816881,-1.3807617950324,0.801104635494052,-0.90685370666423,0.815908570092104,0.256722032796501,0.0337614406273864,-1.53957083073278,-0.476358433450947,-0.189892848934308,-0.399184530719055,0.860265788333329,-0.215465165699972,0.267775946939045,-0.300968079884975,0.037429541794935,-0.369548475428015,-1.55375649657441,-0.151784928917416,-0.96030627509478,1.16547186488857,-1.16547186488857,0.434898930230901,-0.434898930230901,0.691825857045065,0.693720109537616,-0.518205387850601,-0.951921681909344,0.43145253262051,-0.43145253262051,1.15871855647624,0.406390421161133,-0.208633947111823,0.955360978632207,-0.164067106846632,-0.517506812431644,-0.31846501188283,-0.918572021062434,0.713359538853737,-0.713359538853737,-0.130326798815444,-0.890212680718631
"gxB08a","VPP, Negawatt, Resource Aggregation",-5.30713220044696,-0.54639255040381,-0.707989856596878,0.707989856596875,2.93063362586625,-1.7327834262356,2.80865831589547,-0.269384105761062,3.13435881671459,1.8122851993381,-0.723977017033495,-1.68679029502715,-0.29625942896278,1.18762011025267,-0.154179892616965,3.2101195868301,0.10475556757822,1.84235796331152,-0.300968079884975,-0.726752184910676,-0.39791439908997,-1.70259300528657,-0.800796349116025,-2.67448062411233,1.16547186488857,-1.16547186488857,1.07336246448356,-1.07336246448356,1.27198759646189,-0.564676060025724,-0.518205387850601,-0.951921681909344,0.493751756545323,-0.493751756545322,1.25765913406524,0.981209654448446,-0.208633947111823,-0.597165048664144,-0.164067106846632,-0.517506812431644,-0.31846501188283,-0.918572021062434,-1.35908222156226,1.35908222156226,-1.59946525818954,-0.936986567332661
"gxC01a","Secondary Batteries",1.11320333960595,4.20918876892964,2.04054423403373,-2.04054423403373,-2.04789374029775,-1.4231754164113,-2.24331726880816,-1.48282596517078,-2.13557138443793,-1.23303899418996,-0.723079947375922,-1.33831938505566,-0.514522576570331,-2.06018928838407,-0.451102597118225,-2.14903059558291,-0.413241864710119,-1.24341187712957,-0.300968079884975,-0.725847487210607,-0.386640514367239,-1.34820649208504,2.24955732581743,1.09670294372628,0.672024386358808,-0.672024386358808,-0.273396553080638,0.273396553080638,0.0482089273795233,1.16070306308651,-0.518205387850601,-0.381681331101693,-0.627634274101303,0.627634274101302,-0.52327126253675,0.190280497877152,-0.208633947111823,1.53149368407421,-0.164067106846632,-0.517506812431644,-0.31846501188283,-0.323989646718804,-0.211131418202066,0.211131418202065,-0.864896028502493,-0.375699927964304
"gxC01b","Module-Related Technology for Secondary Batteries",1.11320333960595,0.855027134781458,1.03355342993974,-1.03355342993974,-0.997361879190549,-1.0683876922003,-0.956741633436886,-1.08594491200766,-0.793386173106915,-0.942758698942938,-0.723977017033495,-0.952060527106059,-0.502615069423159,-1.18798238817988,-0.436895409609927,-0.779908222332999,-0.407666850884743,-0.947984201711117,-0.300968079884975,-0.726752184910676,-0.378962400058248,-0.955210468145622,1.34094133753938,-0.388914825422262,-0.729366452665704,0.729366452665704,-0.82287423224683,0.82287423224683,-0.451092769606083,-0.394792577134673,-0.518205387850601,1.23780126519204,-0.24636302368145,0.24636302368145,-0.220513095114412,-0.408437950455682,-0.208633947111823,-0.387574034979136,-0.164067106846632,-0.517506812431644,0.149533174916785,1.25590066225141,0.896240659085867,-0.896240659085866,-0.864896028502493,-0.936986567332661
"gxC02a","Pumped Storage Power Generation, Flywheels, Compressed Air Energy Storage",0.310661397099334,-0.51140501268443,-0.123959527356794,0.123959527356795,0.400086641227533,-0.318991294692951,0.488410095718841,-0.168324226093471,0.714155696096054,-0.191751089347319,-0.723977017033495,-0.129549126886403,-0.287276804278608,0.161240779178374,-0.141960032122972,0.738747666272154,-0.238997422235122,-0.188209594029978,-0.300968079884975,-0.726752184910676,-0.39791439908997,-0.117033367189648,-0.735895207096164,0.182476624250256,0.914831875794086,-0.914831875794086,0.833938639138811,-0.833938639138811,1.05442694418058,-0.564676060025724,-0.518205387850601,-0.662275789435616,-0.627634274101303,0.627634274101302,-0.52327126253675,1.23324577981288,-0.208633947111823,-0.597165048664144,-0.164067106846632,-0.517506812431644,-0.31846501188283,-0.616561926157733,0.444416714982958,-0.444416714982958,-0.864896028502493,-0.703117134262512
"gxC03a","Thermal Storage Devices, Thermal Storage Materials (Including Carnot Batteries)",0.310661397099334,-0.172808512781742,0.466986333950592,-0.466986333950592,-0.291438593104128,-0.45179491639627,-0.0606696853312891,-0.574017523764272,0.0885842386769804,-0.75623443405735,-0.52739660188368,-0.334771967437332,-0.504279612295033,-0.407219342744044,-0.444379975911995,0.120917120155538,-0.421427737004483,-0.757640785988055,-0.160906187000801,-0.530073618224828,-0.39791439908997,-0.325988190276975,0.237621923201748,0.182476624250256,-0.885218954975363,0.885218954975363,-0.885559742882545,0.885559742882545,-0.508054104021553,-0.564676060025724,-0.518205387850601,1.41790834742115,0.238891295034726,-0.238891295034727,0.852902225746605,-0.755307190167772,-0.208633947111823,-0.597165048664144,-0.164067106846632,-0.517506812431644,-0.31846501188283,1.55241966452148,2.05807365820763,-2.05807365820763,-0.130326798815444,-0.282152154736244
"gxC04a","Electric Double Layer Capacitors, Hybrid Capacitors",0.711932368352641,0.45466535447504,-0.201116690210221,0.201116690210219,-1.37448982979917,-0.994543280158097,-1.54431353411969,-0.990622413271071,-1.40632288377785,-0.838314750494468,-0.723977017033495,-0.867057397730493,-0.49367786498997,-1.41207843647422,-0.422745688474545,-1.40656238382489,-0.421427737004483,-0.841223090766446,-0.300968079884975,-0.726752184910676,-0.371520791890025,-0.868939676652372,2.05485389975785,0.753868073922774,0.204000431313019,-0.204000431313019,0.154916970538138,-0.154916970538139,0.437410668038506,-0.564676060025724,-0.518205387850601,0.159178954793152,-0.315116855724374,0.315116855724374,-0.0269463979099659,0.46061044467928,-0.208633947111823,-0.597165048664144,-0.164067106846632,-0.517506812431644,-0.31846501188283,0.239958506932647,0.0343891310488193,-0.0343891310488206,-0.864896028502493,-0.749891020876542
"gxD01a","Biomass Plastic",-0.49188054540728,-0.477031291416266,-1.15443000740351,1.15443000740351,0.264633273815785,0.602930272241804,0.426474813165048,0.402764239849151,0.273379383773241,0.144805724159174,0.556314267606311,0.492711859295924,-0.354682881245128,0.498125702208006,-0.330149234976172,0.301717421102908,-0.310313985076896,0.156609691721303,0.32368840748938,0.557408514863431,-0.214278458733914,0.509680259058578,-0.995499775175607,-0.274636535487758,0.84322045033852,-0.84322045033852,1.07336246448356,-1.07336246448356,0.992266757814493,-0.564676060025724,-0.0295564675313674,-0.951921681909344,-0.627634274101303,0.627634274101302,-0.52327126253675,1.16881549212573,-0.208633947111823,-0.597165048664144,-0.164067106846632,0.0295250903738285,-0.31846501188283,-0.918572021062434,-1.05397901801138,1.05397901801138,-0.864896028502493,-0.095056608280125
"gxD01b","Cellulose Nanofibers",-0.49188054540728,-0.468974950494041,0.034184678440225,-0.0341846784402298,-0.748913956092321,0.281693253809975,-0.98239376111286,0.160800158810051,-1.04380122194263,-0.118497159331034,-0.00370470975633568,0.315963383639082,-0.433549364062308,-0.316677669804772,-0.340947559432854,-1.04211424855074,-0.421427737004483,-0.108233551970487,-0.300968079884975,-0.000355194090884956,-0.341840115144316,0.33448508478228,0.172720781181888,-1.6459760147018,-1.37225802469305,1.37225802469305,-0.408072454837058,0.408072454837057,-0.930814007886371,-0.564676060025724,0.978281930627051,0.840262277771846,0.265970219070227,-0.265970219070226,0.89590764725546,-1.20503791984767,-0.208633947111823,-0.597165048664144,-0.164067106846632,1.15777838991012,-0.31846501188283,0.950115441160402,0.696550612361814,-0.696550612361813,-0.130326798815444,0.746873350772411
"gxD01c","Production of Chemicals from Biomass",0.711932368352641,-0.12776973067368,0.28272227499191,-0.282722274991911,-0.217114464249685,1.03903967043413,0.286507466645641,0.336892614793188,0.344849244019726,-1.00625527295226,-0.140412074637384,1.2139835241317,-0.496407715620426,0.292239517754423,-0.432928188546261,0.381725638588771,-0.421427737004483,-1.01223675813532,-0.0497022551987653,-0.141047693443468,-0.38560324970141,1.2504713433122,-0.606092923056442,0.411033204119263,-1.09028803696176,1.09028803696176,-1.08145196361916,1.08145196361915,-0.686058274069898,-0.564676060025724,-0.518205387850601,1.65489135035421,-0.627634274101303,0.627634274101302,-0.52327126253675,-0.570802275427298,-0.208633947111823,-0.597165048664144,-0.164067106846632,-0.517506812431644,-0.31846501188283,1.79951883307987,-0.120363215145677,0.120363215145677,0.604242430871605,1.44848164998286
"gxD02a","Hydrogen Reduction Steelmaking",0.310661397099334,-0.473540210349969,1.55487395458981,-1.55487395458982,-0.921388445460769,0.392161077427927,-0.519922793250286,-0.356374882890195,-1.24005601456708,-0.14733373507588,2.80960730689201,-0.446224762473093,-0.429223114020868,-0.486056160687133,-0.33506217806301,-1.24285415940672,-0.314557103593644,-0.140750459040599,0.299834550858635,2.83012992558958,-0.280165462092885,-0.443868494460876,0.042918497142166,1.09670294372628,-2.14297599115857,2.14297599115857,0.498745283656167,-0.498745283656167,-1.86088579638897,0.00160221627777922,4.04251786846225,-0.604346610940871,-0.627634274101303,0.627634274101302,-0.52327126253675,-1.78853471271442,-0.208633947111823,0.101471663619214,-0.164067106846632,4.58812428041943,-0.31846501188283,-0.556159907176793,1.33192803375653,-1.33192803375653,0.604242430871605,1.8226727428951
"gxD03a","Plastic Recycling",0.711932368352641,0.0714904348027032,-0.171497834627498,0.171497834627495,-0.648269742827863,0.342369628587638,-0.121440473796818,-0.322746510529673,-0.334444268703952,-0.907008710407747,0.775651849902886,0.150983478905777,-0.513650626129666,-0.307270101987335,-0.44991640565223,-0.310528776869115,-0.421427737004483,-0.911174081980094,-0.300968079884975,0.785628459580644,-0.39791439908997,0.168600731121085,0.36742420724147,-0.274636535487758,-1.02583775405175,1.02583775405175,-2.00494386137746,2.00494386137746,-1.52522079001209,1.37684945872914,-0.518205387850601,1.58041097800382,-0.627634274101303,0.627634274101302,-0.52327126253675,-1.44061115920381,-0.208633947111823,1.79816082202165,-0.164067106846632,-0.517506812431644,-0.31846501188283,1.72185909439009,1.43566312296383,-1.43566312296383,2.0733808902457,1.30815999014077
"gxD03b","Iron Recycling",0.310661397099334,-0.54888617973688,-1.40283032458271,1.40283032458271,0.568712987233624,1.92854081929504,0.879484510633036,1.33034182812564,0.55442809841151,0.367517993464988,1.25524676200187,1.7191978471773,0.255801413734718,1.27532058160662,0.420897241394484,0.537078493471295,-0.421427737004483,0.386675195841595,3.11600726393847,1.23091585789218,0.606604873693039,1.72779031220064,-0.800796349116025,-0.0460799556187513,-0.426829242299896,0.426829242299897,-0.701190593953971,0.701190593953971,-0.340520767505464,-0.0650187574049858,-0.518205387850601,0.888181634982573,1.05444477186864,-1.05444477186864,1.25765913406524,-0.690187808494663,-0.208633947111823,0.019279109232937,-0.164067106846632,-0.517506812431644,1.05800024341016,0.680304951962452,-0.931937736591026,0.931937736591027,-0.864896028502493,-0.656343247648482
"gxD03c","Aluminum Recycling",-0.49188054540728,-0.554832526608046,-1.41753641452854,1.41753641452853,0.67173539992152,2.2712863620299,0.299290962298063,2.1133632723852,0.516889423938846,0.648712748916903,-0.723977017033495,2.72354852019319,3.17456258739627,1.41648939606483,4.28824855780334,0.233404696527259,1.50791104646543,0.616100639393823,-0.300968079884975,-0.726752184910676,0.664948164789022,2.74822461110474,-0.930598633155746,-1.5316977247673,0.263167904148438,-0.263167904148437,0.211436693242472,-0.211436693242472,0.488769248249176,-0.564676060025724,-0.518205387850601,0.0908035309960758,-0.627634274101303,0.627634274101302,-0.52327126253675,0.646930161859824,-0.208633947111823,-0.597165048664144,-0.164067106846632,-0.517506812431644,-0.31846501188283,0.168664320594489,-0.362411756629378,0.362411756629378,-0.130326798815444,-0.936986567332661
"gxD03d","Copper Recycling",-0.49188054540728,-0.557019247715508,-1.23694752449813,1.23694752449813,0.414135454129875,2.15963636793393,0.105788549924784,1.94107989769521,-0.474893236404144,1.51382566250137,1.81845397448657,1.80446128762095,0.788744305619776,1.33285903847711,-0.458803557788643,-0.453288726704466,2.03917824771077,1.48137204284801,-0.300968079884975,1.83729783193456,1.63538789702636,1.77615463435142,-1.06040091719547,-1.5316977247673,-0.222688074711632,0.222688074711632,0.410342640451953,-0.410342640451953,-0.535439360952068,0.742119962213129,1.58674380737071,-0.951921681909344,-0.627634274101303,0.627634274101302,-0.52327126253675,-0.41468273218536,-0.208633947111823,1.01507351814361,-0.164067106846632,1.83893830734578,-0.31846501188283,-0.918572021062434,-1.29336768541284,1.29336768541284,-0.130326798815444,-0.282152154736244
"gxE01a","CO2 Separation by Absorption",-0.0906095741539728,-0.444652473614559,0.652133157311592,-0.652133157311596,0.463660641542218,0.294227002290735,0.626123657821552,0.215755337148679,0.480164725825921,0.299814704535972,0.644009463532484,0.120568093184991,-0.468343881304479,0.444727887898536,-0.388281625099026,0.516791750469973,-0.421427737004483,0.317733003908166,0.155572949790415,0.647737985297524,-0.263700886559332,0.132616158150465,1.92505161571813,-0.160358245553255,0.247874616678265,-0.247874616678266,0.708139680059367,-0.708139680059368,0.276371052123694,-0.132768900133222,0.641300524771309,-0.775188594976222,1.3110331009149,-1.3110331009149,1.27275176454492,-0.0548139545429246,-0.208633947111823,-0.0643065392954807,0.856326003749031,0.391122449855412,0.47475225387923,-0.918572021062434,1.44269601036771,-1.44269601036771,0.604242430871605,0.700099464158381
"gxE01b","CO2 Separation by Adsorption",-0.0906095741539728,-0.387644270707762,0.137635672942936,-0.13763567294294,0.253965680613501,0.26795671028496,0.688839991656903,-0.0473919641163733,0.630545029860624,-0.380224779096856,0.338761337708343,0.189378420478692,-0.4967348760349,0.288439797224973,-0.442853984666283,0.674043779294913,-0.421427737004483,-0.37475052746179,0.00879234180737097,0.341543151756501,-0.33720567627213,0.20542496380589,1.92505161571813,-0.160358245553255,0.171408179327407,-0.171408179327407,0.708139680059367,-0.708139680059368,0.20999661583448,-0.132768900133222,0.7572511160335,-0.775188594976222,0.180143798822114,-0.180143798822114,0.246452891926822,0.151581373810825,-0.208633947111823,-0.0643065392954807,-0.164067106846632,0.910339171162301,0.47475225387923,-0.918572021062434,1.07346942166376,-1.07346942166376,2.0733808902457,0.279134484632113
"gxE01c","CO2 Separation by Membranes",-0.49188054540728,-0.482402185364417,-0.958642627159509,0.958642627159508,0.693166698044175,0.25807423800493,0.732622434995348,0.381517962038441,0.890601580956668,0.188901314677147,-0.479421619614975,0.448634762414749,-0.419459251104797,0.617407279172979,-0.356035536917529,0.933551483575157,-0.303085395267481,0.201298946627254,-0.300968079884975,-0.480117262286623,-0.267526054822287,0.466791689507015,-0.0868837868975557,0.63958978398827,0.359843328513452,-0.359843328513451,0.303785883018303,-0.303785883018302,0.292964661195997,0.0420506645851723,-0.0295564675313674,-0.39331888928144,-0.627634274101303,0.627634274101302,-0.52327126253675,0.443974755645304,-0.208633947111823,0.151374285925169,-0.164067106846632,0.0295250903738285,-0.31846501188283,-0.336123980889083,-1.31331674102963,1.31331674102963,0.604242430871605,-0.843438794104601
"gxE01e","Oxyfuel Combustion, Chemical Looping",-0.49188054540728,-0.514435731412315,-1.08160554805304,1.08160554805304,0.5908766934933,0.471038735131005,0.988151661454523,0.204851154286521,0.565715353606024,0.424125707825371,1.58890336104637,0.00159905464113369,-0.314452191387177,0.621248844716817,-0.402828670186862,0.605119613172226,0.158692352786015,0.427205412127895,1.87323491033829,1.58137070248345,-0.291386032778636,0.0125183665847227,-1.06040091719547,-1.41741943483279,-1.61084801431183,1.61084801431183,0.741852552467755,-0.741852552467755,-1.13791501342339,-0.564676060025724,3.1654557037867,-0.550873523099567,-0.627634274101303,0.627634274101302,-0.52327126253675,-1.03916090515311,-0.208633947111823,-0.597165048664144,-0.164067106846632,3.60627214717884,-0.31846501188283,-0.500404197348233,-1.29336768541284,1.29336768541284,-0.130326798815444,0.279134484632113
"gxE01f","Underground Storage of CO2, Effective Use of Underground CO2 Injection",-2.09696443042051,-0.555407979531063,-0.881364580961493,0.881364580961492,1.65132821074555,1.04118823430619,0.564217023521232,2.04206697853361,0.594228138816262,2.7093140369254,-0.0834960443614075,1.16181925961151,3.61476659750322,1.48267794247306,2.20573597130338,0.455241274709324,3.66970028577509,2.65063677282384,-0.300968079884975,-0.0808250174688317,3.5462021030152,1.05041156156169,-1.12530205921533,-2.10308917443982,0.789511881246845,-0.789511881246846,-1.79972343965339,1.79972343965339,-1.33874023091383,4.39025885762993,-0.518205387850601,-0.517452843198752,2.54962614606413,-2.54962614606414,-0.52327126253675,-1.24732029614237,7.11632714188333,2.02272262239845,-0.164067106846632,-0.517506812431644,-0.31846501188283,-0.465556878705383,1.45295230449838,-1.45295230449838,-1.59946525818954,-0.235378268122214
"gxE01g","CO2 Fixation as Carbonates (Concrete, etc. and Blast Furnace Slag)",-0.893151516660587,-0.548579271511271,-0.822035057082873,0.822035057082872,0.239817849938931,2.34308029265968,1.60355147961551,0.729349881625204,0.264316562674294,0.158118627382842,5.06510100176726,0.945311691299365,-0.0125524393351833,1.2609462509786,0.0591280134400178,0.265756258371623,0.174995493482703,0.155849728472116,6.40494606092075,5.03621907926542,-0.39791439908997,0.977373822110368,-0.670994065076303,-1.41741943483279,-0.734115420880126,0.734115420880126,-1.19486324930877,1.19486324930877,-1.81966377806199,2.56475651954627,1.28208010806236,-0.128717566457697,-0.627634274101303,0.627634274101302,-0.52327126253675,-1.74580725877452,-0.208633947111823,3.26372204553336,-0.164067106846632,1.49787388211483,-0.31846501188283,-0.0602275408069688,-0.617199695033274,0.617199695033273,-0.130326798815444,1.40170776336883
"gxE01h","CO2 Absorption and Fixation by Organisms (Forest, Agricultural Soil Carbon, Urban Greening, Marine Biological Systems)",-0.49188054540728,-0.549193087962488,-1.21464008159712,1.21464008159712,1.4097032470098,0.792566075260864,1.53734168330369,0.878317667381497,1.80827462678312,0.261955552824969,-0.723977017033495,1.09479132502544,1.19384310847416,1.3235971816086,0.0792907996678976,1.84043889866523,2.05713887533643,0.206064119458672,-0.300968079884975,-0.726752184910676,1.99158683941171,1.04026676112986,-0.930598633155746,-0.0460799556187513,-0.639136056591691,0.639136056591691,-1.225106258826,1.225106258826,-0.816594665438683,0.567880492581282,-0.518205387850601,1.1335287439015,3.18507823009722,-3.18507823009722,0.485922628871044,-0.976713087856339,1.25635827068721,0.101471663619214,-0.164067106846632,-0.517506812431644,5.92151081211204,-0.193747793291152,0.121685326338024,-0.121685326338024,-0.864896028502493,-0.936986567332661
"gxE01i","CO2 Conversion into Hydrocarbons and Derivatives by Reduction (Methanation, Electrosynthesis, Carboxylation, Artificial Photosynthesis, etc.)",0.310661397099334,-0.539372024743013,0.936962236201366,-0.936962236201366,1.04084890423119,1.1408998700804,0.556065192380162,1.48738027994866,0.784725333707074,1.04557198552443,-0.723977017033495,1.47846846782846,0.617229636812041,1.19550861714399,0.756950860032956,0.749106985828785,-0.0396095669624612,1.06587338528715,-0.300968079884975,-0.726752184910676,0.0227688345892714,1.50450349404341,0.172720781181888,1.09670294372628,-1.09028803696176,1.09028803696176,-1.48547966888841,1.48547966888841,-1.05319187479461,0.231652766026077,-0.518205387850601,1.6548913503542,1.45744287663227,-1.45744287663227,1.36896728385286,-1.45873217761582,-0.208633947111823,0.385292827984329,-0.164067106846632,-0.517506812431644,1.87527648874037,1.28987679792819,0.923471120002784,-0.923471120002783,-0.864896028502493,-0.936986567332661
"gxE01j","CO2 Conversion by Non-Reductive Methods",-0.49188054540728,-0.549730177357303,1.03375269499567,-1.03375269499567,0.18681656915358,1.30009142598098,-0.310878753292812,1.38852053189118,-0.394156239900239,0.959005561694081,0.119618702387751,1.43329060833356,0.571798600317562,0.768417684703461,0.841026388812925,-0.460059271598779,0.220065259010702,0.970062554817313,-0.300968079884975,0.124016872659451,1.01566603851232,1.42139563102855,-0.281587212957138,-0.274636535487758,1.16547186488857,-1.16547186488857,0.728592155987123,-0.728592155987123,0.958700257176806,0.11485787153848,-0.518205387850601,-0.951921681909344,-0.627634274101303,0.627634274101304,-0.52327126253675,1.13402313677467,-0.208633947111823,0.241199006075886,-0.164067106846632,-0.517506812431644,-0.31846501188283,-0.918572021062434,-0.265592340035897,0.265592340035897,-0.130326798815444,-0.235378268122214
"gxE01k","CO2 Transportation",-0.0906095741539728,-0.45040700284472,-0.0497951893633433,0.0497951893633421,0.462579529942295,0.124272215684191,0.709143201251845,0.0343542324334067,0.517920291757586,0.241407768567825,0.776820477169227,-0.103518651760396,-0.429443965424411,0.392974116178726,-0.335362621801459,0.551701493189819,-0.421427737004483,0.258257278969877,0.178507026967678,0.781420692317904,-0.162988313302919,-0.0993096317732166,0.756831059360635,-0.388914825422262,0.395212386207969,-0.395212386207968,0.758023767688037,-0.758023767688038,0.603386567499817,-0.564676060025724,0.149217527707377,-0.570436847919556,0.302295604971508,-0.302295604971508,-0.154053985192435,0.666730689295387,-0.208633947111823,-0.597165048664144,-0.164067106846632,0.22965871335144,1.39372347640845,-0.918572021062434,-1.30699143071211,1.30699143071211,1.33881166055865,0.0920389381759941
"gxE02a","Recovery, Decomposition and Detoxification of Chlorofluorocarbon Gas",-0.893151516660587,-0.506686298715697,-1.27069044278377,1.27069044278376,0.799427135891308,1.09483642424037,0.501029302449024,1.25496124432359,0.724056447049012,0.618099023309517,-0.723977017033495,1.45485344449801,-0.34181078928281,1.11968145810868,-0.361741112796482,0.763934373095799,-0.0861114507397977,0.631949883228427,-0.300968079884975,-0.726752184910676,-0.213190424854253,1.48927774920562,0.691929917340774,0.182476624250256,-0.413560066406659,0.413560066406659,-1.8356370134551,1.8356370134551,-1.37137432875602,2.19593053695385,-0.518205387850601,0.87284744067514,0.087249320435921,-0.0872493204359202,-0.52327126253675,-1.28114619717812,0.89011021623745,2.28471138950471,-0.164067106846632,-0.517506812431644,0.266532721616689,0.848187034130065,-0.846508839596779,0.84650883959678,-0.864896028502493,-0.936986567332661
"gxE02b","Green Refrigerants (Low GWP Refrigerant)",-0.0906095741539728,-0.468898223437639,0.882494486854943,-0.882494486854944,-0.538221207949206,-0.812629896618393,-1.10086161936635,-0.325600313257262,-1.04648243257365,0.413626536592524,-0.335468011685399,-0.788446174350403,-0.368694908537417,-0.738791235176733,-0.311601227573894,-1.04686478684591,-0.319721379409424,0.430627173488045,0.842572390611848,-0.347785890306517,-0.285855406732121,-0.79210055591824,-0.0868837868975557,0.63958978398827,0.198717621238428,-0.198717621238428,1.07336246448356,-1.07336246448356,0.432825080519696,-0.564676060025724,0.9477413731071,-0.951921681909344,0.0532072445055769,-0.0532072445055767,-0.52327126253675,0.588942902941389,-0.208633947111823,-0.597165048664144,1.26934226279966,0.576556993179301,-0.31846501188283,-0.918572021062434,-1.83199218706613,1.83199218706613,-0.864896028502493,-0.562795474420423
"gxE02c","Reduction of Non-CO2 Greenhouse Gases from Livestock and Agricultural Land",-2.09696443042051,-0.558131790033339,-2.05910748908649,2.05910748908649,1.14743500172033,0.171756023614491,0.468719117121766,0.931845372566038,0.693616441961837,1.355842348589,-0.723977017033495,0.410991388351262,1.915304581461,0.848120507089176,1.61195281781658,0.597438290484717,3.87080910711959,1.26646524768412,-0.300968079884975,-0.726752184910676,-0.39791439908997,0.4333368909639,-1.25510434325505,-0.0460799556187513,1.16547186488857,-1.16547186488857,1.07336246448356,-1.07336246448356,1.27198759646189,-0.564676060025724,-0.518205387850601,-0.951921681909344,-0.627634274101303,0.627634274101302,-0.52327126253675,1.45875178671791,-0.208633947111823,-0.597165048664144,-0.164067106846632,-0.517506812431644,-0.31846501188283,-0.918572021062434,-0.120363215145677,0.120363215145677,-1.59946525818954,-0.936986567332661
