"concat_level3","name_level3","years","time_span","inventors","patents","patents_ext","green_patents","non_green_patents","gnrl_sp_cor","gnrl_sp_per","gxti_sp_cor","gxti_sp_per","full_sp_cor_cor","full_sp_cor_per","full_sp_per_cor","full_sp_per_per","net_cor","net_per","corper_cor_cor_cor","corper_cor_cor_per","corper_cor_per_cor","corper_cor_per_per","corper_per_cor_cor","corper_per_cor_per","corper_per_per_cor","corper_per_per_per","MPA_nodes","MPA_time","MPA_gnrl_sp_cor","MPA_gnrl_sp_per","MPA_gxti_sp_cor","MPA_gxti_sp_per","MPA_full_sp_cor_cor","MPA_full_sp_cor_per","MPA_full_sp_per_cor","MPA_full_sp_per_per","MPA_net_cor","MPA_net_per","MPA_corper_cor_cor_cor","MPA_corper_cor_cor_per","MPA_corper_cor_per_cor","MPA_corper_cor_per_per","MPA_corper_per_cor_cor","MPA_corper_per_cor_per","MPA_corper_per_per_cor","MPA_corper_per_per_per","MPA_green","MPA_non_green","KDE_core_clusters","KDE_core_noncore"
"gxA01a","Solar Photovoltaic Power Generation","1973-2023",50,138848,36714,53503,12896,40607,39195,10241,38370,11066,36565,2630,1805,12503,503,53000,502,36063,0,2630,0,1805,1,12502,15,41,8,5,9,4,8,0,1,6,0,15,0,8,0,0,0,1,0,6,12,3,5,24
"gxA02a","Solar Thermal Power Generation","1975-2022",47,1556,436,637,125,512,405,166,318,253,318,87,0,232,4,633,4,314,0,87,0,0,0,232,6,33,6,0,5,1,5,1,0,0,0,6,0,5,0,1,0,0,0,0,4,2,3,0
"gxA02b","Solar Thermal Collectors, Solar Thermal Systems","1973-2023",50,16397,3179,7025,1825,5200,4599,1722,4246,2075,4147,452,99,2327,11,7014,11,4136,0,452,0,99,0,2327,7,31,4,3,5,2,4,0,1,2,0,7,0,4,0,0,0,1,0,2,4,3,4,3
"gxA03a","Wind Power Generation","1974-2022",48,22213,5416,9771,2823,6948,5966,2725,5988,2703,5340,626,648,3157,10,9761,4,5336,0,626,6,642,0,3157,11,22,4,7,7,4,4,0,3,4,0,11,0,4,0,0,0,3,0,4,7,4,7,48
"gxA04a","Geothermal Power Generation","1975-2021",46,1783,455,691,154,537,444,179,411,212,343,101,68,179,6,685,5,338,0,101,1,67,0,179,8,38,2,6,2,6,2,0,0,6,0,8,0,2,0,0,0,0,0,6,6,2,4,20
"gxA04b","Geothermal Collectors, Geothermal Systems","1977-2022",45,1122,322,436,88,348,270,149,253,166,230,40,23,143,8,428,0,230,0,40,8,15,0,143,4,6,0,4,0,4,0,0,0,4,0,4,0,0,0,0,0,0,0,4,2,2,5,6
"gxA05a","Hydro-Power Generation","1972-2022",50,21971,3956,9367,2720,6647,6076,2665,5950,2791,5503,573,447,2844,2,9365,2,5501,0,573,0,447,0,2844,8,43,6,2,3,5,3,3,0,2,0,8,0,3,0,3,0,0,0,2,7,1,8,43
"gxA06a","Wave Power Generation, Tidal Power Generation","1975-2022",47,3704,788,1904,596,1308,1047,646,946,747,890,157,56,801,5,1899,5,885,0,157,0,56,0,801,8,41,7,0,7,0,7,0,0,1,0,8,0,7,0,0,0,0,0,1,6,2,6,17
"gxA06b","Ocean Thermal Energy Conversion, Ocean Salinity Gradient Power Generation","1974-2020",46,556,125,230,58,172,123,68,95,96,95,28,0,107,5,225,0,95,0,28,0,0,5,102,4,21,3,1,2,2,2,1,0,1,0,4,0,2,0,1,0,0,0,1,2,2,2,0
"gxA07a","Solid Biofuels","1974-2022",48,7923,2194,3008,593,2415,1658,1179,1768,1069,1501,157,267,1083,23,2985,2,1499,0,157,18,249,3,1080,7,35,0,6,5,1,0,0,5,2,3,4,0,0,0,0,2,3,1,1,6,1,7,83
"gxA07b","Liquid Biofuels","1974-2022",48,7803,1581,2560,601,1959,1269,843,1195,917,1064,205,131,1160,12,2548,12,1052,0,205,0,131,0,1160,10,25,5,5,5,5,5,0,0,5,0,10,0,5,0,0,0,0,0,5,6,4,5,45
"gxA07c","Biogas","1973-2022",49,18487,4754,6560,1472,5088,4765,1454,4628,1591,4529,236,99,1696,40,6520,40,4489,0,236,0,99,0,1696,13,34,13,0,13,0,13,0,0,0,0,13,0,13,0,0,0,0,0,0,10,3,5,37
"gxA08a","Fusion Reactors, Nuclear Reactors, Nuclear Power Plant","1973-2023",50,105464,17021,39093,12871,26222,28814,5963,28690,6087,27057,1757,1633,8646,12,39081,12,27045,0,1757,0,1633,0,8646,15,41,15,0,15,0,15,0,0,0,0,15,0,15,0,0,0,0,0,0,12,3,4,73
"gxA09a","Fuel Cells, Fuel Cell Systems (Stationary, Mobility)","1972-2023",51,238896,47647,86835,31214,55621,64975,15475,61008,19442,61008,3967,0,21860,19,86816,19,60989,0,3967,0,0,0,21860,18,40,16,2,16,2,16,0,0,2,0,18,0,16,0,0,0,0,0,2,13,5,5,6
"gxA10a","Hydrogen Production","1973-2023",50,78814,16552,26908,7328,19580,17868,6311,16687,7492,16174,1694,513,8527,2,26906,2,16172,0,1694,0,513,0,8527,15,37,8,6,4,10,4,4,0,7,0,15,0,4,0,4,0,0,0,7,12,3,6,18
"gxA10b","Hydrogen Storage, Transportation, Supply, Hydrogen Stations","1975-2022",47,23935,5422,8091,1929,6162,5670,1656,4965,2361,4965,705,0,2421,38,8053,37,4928,1,704,0,0,0,2421,14,37,9,3,9,3,9,0,0,5,0,14,0,9,0,0,0,0,0,5,11,3,3,0
"gxA10c","Use of Hydrogen in Combustion (Hydrogen Engine Vehicles, etc.)","1974-2022",48,20580,5859,7754,1358,6396,5412,1607,4816,2203,4507,905,309,2033,64,7690,5,4502,0,905,59,250,0,2033,10,26,9,1,8,2,8,1,0,1,0,10,0,8,0,1,0,0,0,1,7,3,4,13
"gxA11a","Ammonia Production","1974-2022",48,4471,718,1483,381,1102,785,416,525,676,525,260,0,698,24,1459,5,520,19,241,0,0,0,698,8,32,6,1,6,1,6,0,0,2,0,8,0,6,0,0,0,0,0,2,6,2,3,1
"gxA11b","Ammonia Storage, Transportation","1977-2022",45,1130,255,386,69,317,219,94,151,162,151,68,0,167,7,379,0,151,0,68,0,0,7,160,5,31,5,0,5,0,5,0,0,0,0,5,0,5,0,0,0,0,0,0,2,3,2,0
"gxA11c","Use of Ammonia in Combustion","1974-2022",48,3363,938,1252,222,1030,807,319,603,523,548,259,55,390,18,1234,12,536,0,259,0,55,6,384,5,26,4,1,4,1,4,0,0,1,0,5,0,4,0,0,0,0,0,1,2,3,4,7
"gxB01a","Building Insulation","1974-2022",48,44157,12399,19580,4827,14753,12639,5976,12817,5798,11825,814,992,5949,143,19437,0,11825,0,814,143,849,0,5949,13,39,8,5,8,5,8,0,0,5,0,13,0,8,0,0,0,0,0,5,10,3,7,55
"gxB01b","High-Efficiency Air Conditioner","1973-2022",49,123501,29429,46889,11442,35447,34571,10267,34493,10345,31927,2644,2566,9752,3,46886,3,31924,0,2644,0,2566,0,9752,15,41,7,8,10,5,7,0,3,5,0,15,0,7,0,0,0,3,0,5,11,4,6,54
"gxB01c","High-Efficiency Water Heaters","1972-2022",50,104098,21047,39497,12893,26604,29504,8427,28581,9350,27515,1989,1066,8927,2,39495,2,27513,0,1989,0,1066,0,8927,15,36,14,1,14,1,13,1,1,0,0,15,0,13,0,1,0,1,0,0,11,4,5,36
"gxB01d","High-Efficiency Lighting (LEDs, OLEDs)","1972-2023",51,350325,94621,138999,34629,104370,97605,27279,94528,30356,91618,5987,2910,38484,3317,135682,3275,88343,0,5987,0,2910,42,38442,20,34,11,7,12,6,10,1,2,7,0,20,0,10,0,1,0,2,0,7,16,4,4,64
"gxB02a","High-Efficiency Motors and Inverters","1971-2022",51,42148,12849,16500,2908,13592,11843,3660,10768,4735,10316,1527,452,4205,4,16496,4,10312,0,1527,0,452,0,4205,11,30,10,0,10,0,10,0,0,1,0,11,0,10,0,0,0,0,0,1,7,4,5,4
"gxB03a","Combined Heat and Power (CHP)","1975-2022",47,24645,6778,9070,1850,7220,6707,1789,5862,2634,5862,845,0,2363,42,9028,39,5823,0,845,0,0,3,2360,11,39,9,2,7,4,7,2,0,2,0,11,0,7,0,2,0,0,0,2,8,3,3,0
"gxB04a","Energy Saving and Supply/Demand Flexibility in Treatment of Water, Wastewater, Sewage, and Sludge","1974-2022",48,12686,3905,4684,647,4037,3331,1121,3083,1369,3083,248,0,1353,10,4674,10,3073,0,248,0,0,0,1353,8,29,6,1,6,1,6,0,0,2,0,8,0,6,0,0,0,0,0,2,4,4,4,2
"gxB05a","Electric Vehicles, Hybrid Vehicles","1973-2023",50,195931,52173,81334,22453,58881,63861,13566,62902,14525,57950,5911,4952,12521,518,80816,518,57432,0,5911,0,4952,0,12521,19,40,15,2,14,3,13,2,1,3,0,19,0,13,0,2,0,1,0,3,16,3,5,48
"gxB05b","Others (Aircraft, Ships, etc.)","1975-2023",48,5818,1604,2488,588,1900,1573,581,1366,788,1201,372,165,750,29,2459,29,1172,0,372,0,165,0,750,8,42,5,3,8,0,5,0,3,0,0,8,0,5,0,0,0,3,0,0,6,2,5,15
"gxB06a","Resistance Heating, Infrared Heating","1973-2022",49,93412,20326,38617,9940,28677,26603,8823,24857,10569,24807,1796,50,11964,2,38615,2,24805,0,1796,0,50,0,11964,12,29,10,2,10,2,10,0,0,2,0,12,0,10,0,0,0,0,0,2,8,4,3,8
"gxB06b","Induction Heating","1973-2023",50,68360,15081,26268,7999,18269,19557,5323,18404,6476,17580,1977,824,5887,12,26256,12,17568,0,1977,0,824,0,5887,12,32,10,2,11,1,10,0,1,1,0,12,0,10,0,0,0,1,0,1,10,2,4,30
"gxB06c","Electoromagnetic Heating (Microwave Heating, Dielectric Heating)","1973-2022",49,30299,3561,12389,3706,8683,9029,2236,8544,2721,8181,848,363,2997,35,12354,35,8146,0,848,0,363,0,2997,11,35,8,0,8,0,8,0,0,3,0,11,0,8,0,0,0,0,0,3,10,1,4,26
"gxB06d","Electric Discharge Heating","1974-2022",48,5252,298,2073,583,1490,1264,508,1015,757,943,321,72,737,9,2064,9,934,0,321,0,72,0,737,6,20,5,0,3,2,3,2,0,1,0,6,0,3,0,2,0,0,0,1,4,2,4,11
"gxB07a","Direct Current Transmission and Distribution（HVDC, etc.）","1974-2023",49,48037,16322,22696,4345,18351,17471,3578,15613,5436,15613,1858,0,5225,14,22682,12,15601,0,1858,0,0,2,5223,12,24,10,2,10,2,10,0,0,2,0,12,0,10,0,0,0,0,0,2,9,3,3,0
"gxB07b","Smart Grids","1975-2022",47,14498,3973,5337,1047,4290,4539,536,3853,1222,3676,863,177,621,3,5334,3,3673,0,863,0,177,0,621,8,22,8,0,6,2,6,2,0,0,1,7,1,5,0,2,0,0,0,0,6,2,4,3
"gxB08a","VPP, Negawatt, Resource Aggregation","1988-2022",34,1524,385,517,101,416,469,29,355,143,355,114,0,48,3,514,2,353,1,113,0,0,0,48,5,14,4,1,4,1,4,0,0,1,0,5,0,4,0,0,0,0,0,1,2,3,2,0
"gxC01a","Secondary Batteries","1972-2023",51,368965,70424,137542,47565,89977,102516,24739,96227,31028,96222,6294,5,35021,221,137321,220,96002,1,6293,0,5,0,35021,21,39,17,4,15,6,15,2,0,4,0,21,0,15,0,2,0,0,0,4,15,6,3,11
"gxC01b","Module-Related Technology for Secondary Batteries","1973-2023",50,100783,23606,41598,12085,29513,30410,7932,28061,10281,28061,2349,0,11188,3,41595,3,28058,0,2349,0,0,0,11188,16,37,11,3,11,3,11,0,0,5,0,16,0,11,0,0,0,0,0,5,13,3,3,0
"gxC02a","Pumped Storage Power Generation, Flywheels, Compressed Air Energy Storage","1974-2022",48,3949,1082,1605,358,1247,1096,366,936,526,936,160,0,509,3,1602,3,933,0,160,0,0,0,509,6,36,4,1,4,1,4,0,0,2,0,6,0,4,0,0,0,0,0,2,3,3,3,5
"gxC03a","Thermal Storage Devices, Thermal Storage Materials (Including Carnot Batteries)","1974-2022",48,29867,6666,11114,2900,8214,7784,2689,7281,3192,7082,702,199,3131,92,11022,92,6990,0,702,0,199,0,3131,10,32,6,4,6,4,6,0,0,4,2,8,2,4,0,0,0,0,0,4,10,0,4,12
"gxC04a","Electric Double Layer Capacitors, Hybrid Capacitors","1973-2023",50,83812,20520,29075,6361,22714,21064,6098,18893,8269,18893,2171,0,8011,40,29035,40,18853,0,2171,0,0,0,8011,17,37,11,6,11,6,11,0,0,6,0,17,0,11,0,0,0,0,0,6,12,5,3,3
"gxD01a","Biomass Plastic","1976-2022",46,8597,2127,2977,516,2461,1826,785,1645,966,1535,291,110,1041,44,2933,44,1491,0,291,0,110,0,1041,5,28,4,1,5,0,4,0,1,0,0,5,0,4,0,0,0,1,0,0,2,3,3,19
"gxD01b","Cellulose Nanofibers","1976-2022",46,8040,1830,2763,656,2107,1648,927,1569,1006,1376,272,193,922,50,2713,43,1333,0,272,0,193,7,915,10,16,3,7,6,4,3,0,3,4,1,9,1,2,0,0,0,3,0,4,7,3,4,35
"gxD01c","Production of Chemicals from Biomass","1973-2023",50,52419,6667,16117,4226,11891,7639,5236,7540,5335,7146,493,394,8084,102,16015,5,7141,0,493,84,310,13,8071,8,34,4,4,4,4,4,0,0,4,0,8,0,4,0,0,0,0,0,4,5,3,5,54
"gxD02a","Hydrogen Reduction Steelmaking","1974-2022",48,9108,1056,2798,898,1900,1433,1068,1765,736,1176,257,589,776,6,2792,1,1175,0,257,4,585,1,775,11,40,3,8,8,3,2,1,6,2,1,10,0,2,0,1,0,6,1,1,9,2,5,64
"gxD03a","Plastic Recycling","1974-2023",49,48611,12568,18288,4118,14170,10420,6600,10422,6598,9276,1144,1146,6722,83,18205,83,9193,0,1144,0,1146,0,6722,12,42,3,7,3,7,2,1,1,8,0,12,0,2,0,1,0,1,0,8,10,2,7,47
"gxD03b","Iron Recycling","1974-2022",48,1372,334,430,69,361,254,165,219,200,190,64,29,147,25,405,0,190,25,39,0,29,0,147,4,30,3,1,2,2,2,1,0,1,0,4,0,2,0,1,0,0,0,1,2,2,3,5
"gxD03c","Aluminum Recycling","1976-2022",46,913,235,294,47,247,151,119,119,151,119,32,0,143,2,292,0,119,2,30,0,0,0,143,5,17,4,1,4,1,4,0,0,1,0,5,0,4,0,0,0,0,0,1,3,2,4,0
"gxD03d","Copper Recycling","1976-2022",46,637,173,220,38,182,128,82,107,103,91,37,16,76,5,215,5,86,0,37,0,16,0,76,4,17,3,1,3,1,2,1,1,0,2,2,2,0,0,1,0,1,0,0,2,2,4,16
"gxE01a","CO2 Separation by Absorption","1974-2022",48,12661,2412,3973,1059,2914,2386,984,2201,1169,2006,380,195,1392,40,3933,26,1980,0,380,8,187,6,1386,10,29,8,2,8,2,7,1,1,1,2,8,1,6,0,1,1,0,0,1,9,1,5,35
"gxE01b","CO2 Separation by Adsorption","1975-2022",47,18448,3805,5866,1385,4481,3454,1573,3257,1770,2997,457,260,2152,41,5825,25,2972,0,457,9,251,7,2145,10,31,5,5,7,3,4,1,3,2,1,9,0,4,0,1,0,3,1,1,8,2,7,27
"gxE01c","CO2 Separation by Membranes","1975-2022",47,8570,1984,2874,532,2342,1714,753,1484,983,1423,291,61,1099,3,2871,2,1421,1,290,0,61,0,1099,10,36,6,3,6,3,5,1,1,3,0,10,0,5,0,1,0,1,0,3,6,4,5,1
"gxE01d","DAC（Direct Air Capture）","1985-2011",26,21,5,7,1,6,3,1,3,1,3,0,0,4,2,5,2,1,0,0,0,0,0,4,3,26,1,0,1,0,1,0,0,2,0,3,0,1,0,0,0,0,0,2,1,2,1,0
"gxE01e","Oxyfuel Combustion, Chemical Looping","1975-2021",46,4934,1251,1660,300,1360,993,447,934,506,800,193,134,533,30,1630,30,770,0,193,0,134,0,533,5,18,2,3,4,1,2,0,2,1,0,5,0,2,0,0,0,2,0,1,2,3,4,29
"gxE01f","Underground Storage of CO2, Effective Use of Underground CO2 Injection","1977-2021",44,899,221,311,58,253,176,94,137,133,118,58,19,116,18,293,8,110,0,58,0,19,10,106,5,41,2,2,4,0,2,0,2,1,0,5,0,2,0,0,0,2,0,1,2,3,2,18
"gxE01g","CO2 Fixation as Carbonates (Concrete, etc. and Blast Furnace Slag)","1975-2022",47,1640,361,469,89,380,252,182,288,146,207,45,81,136,12,457,12,195,0,45,0,81,0,136,7,18,4,3,5,2,2,2,3,0,0,7,0,2,0,2,0,3,0,0,4,3,4,50
"gxE01h","CO2 Absorption and Fixation by Organisms (Forest, Agricultural Soil Carbon, Urban Greening, Marine Biological Systems)","1976-2022",46,1128,351,441,73,368,293,131,249,175,249,44,0,148,11,430,11,238,0,44,0,0,0,148,5,40,5,0,4,1,4,1,0,0,1,4,1,3,0,1,0,0,0,0,3,2,3,0
"gxE01i","CO2 Conversion into Hydrocarbons and Derivatives by Reduction (Methanation, Electrosynthesis, Carboxylation, Artificial Photosynthesis, etc.)","1973-2022",49,3072,535,948,256,692,496,256,396,356,396,100,0,452,10,938,10,386,0,100,0,0,0,452,8,35,4,3,4,3,4,0,0,4,1,7,1,3,0,0,0,0,0,4,6,2,3,0
"gxE01j","CO2 Conversion by Non-Reductive Methods","1974-2021",47,3034,236,852,218,634,310,232,267,275,234,76,33,509,15,837,14,220,0,76,0,33,1,508,8,40,5,0,5,0,5,0,0,3,3,5,3,2,0,0,0,0,0,3,5,3,4,20
"gxE01k","CO2 Transportation","1975-2022",47,11368,2539,3714,824,2890,2283,961,2156,1088,1930,353,226,1205,39,3675,24,1906,0,353,9,217,6,1199,9,29,5,2,5,2,5,0,0,4,0,9,0,5,0,0,0,0,0,4,5,4,6,24
"gxE02a","Recovery, Decomposition and Detoxification of Chlorofluorocarbon Gas","1975-2021",46,5245,1430,1816,295,1521,1050,565,794,821,794,256,0,766,14,1802,0,794,14,242,0,0,0,766,10,32,7,3,4,6,4,3,0,3,1,9,0,4,1,2,0,0,0,3,6,4,4,0
"gxE02b","Green Refrigerants (Low GWP Refrigerant)","1975-2022",47,9783,1627,3183,928,2255,2024,658,1741,941,1576,448,165,994,36,3147,36,1540,0,448,0,165,0,994,11,29,8,2,9,1,8,0,1,2,0,11,0,8,0,0,0,1,0,2,5,6,3,7
"gxE02c","Reduction of Non-CO2 Greenhouse Gases from Livestock and Agricultural Land","1978-2020",42,396,134,178,23,155,118,54,89,83,89,29,0,60,5,173,5,84,0,29,0,0,0,60,2,30,2,0,2,0,2,0,0,0,0,2,0,2,0,0,0,0,0,0,1,1,2,0
